time-group.pl,71
polsha24.com,1 079
molodykh.online,118
inpoland.net.pl,651
gopl.by,425
mojafirma.org,625
openeyo.com,227
immigrant.today,1 364
poland2day.com,981
inkrakow.com.ua,181
krakow.dowidka.pl,data not exist
catalogpl.by,591
polska.ru,733
polska.org.ua,476
studentportal.pl,237
migrant.info.pl,1 864
polomedia.ru,455
gorde.com.ua,870
poland1.top,301
eustarter.com.pl,data not exist
polandukraine.com.pl,1
sklepy.com.ua,307
realkrakow.ru,49
yavp.pl,972
warsaw.ru,432
justaskpoland.com,322
vpolshu.by,577
vsetutpl.com,2 125
ogoloshennya.pl,171
amadej.com.ua,205
leewadia.wordpress.com,315
vakansii-v-polshe.com,1 085
rabota-polshe.com.ua,371
poland-consult.com,1 451
prianichnikov.github.io/faq-pl/business/reg.html,data not exist
blog.mail4yuna.tk,45
escape-pl.com,442
polsha.by,337
eurabota.ua,3 960
polishpilot.com,243
lifepol.info,276
rupoland.com,956
naszwybir.pl,720
gopolsha.com,638
hellopoland.com.ua,200
in-poland.com,749
